hotspot_cluster,city,state,hotspot_level,hotspot_score,priority,recommendation,recommendation_reason
8,Chandigarh,Punjab,Critical Hotspot,92.71,High,Prioritize this hotspot for targeted road-safety intervention.,"Hotspot score is 92.71, classified as Critical Hotspot; the dataset-derived upper-quartile score threshold is 34.36."
8,Chandigarh,Punjab,Critical Hotspot,92.71,High,Increase targeted enforcement and monitoring at this hotspot.,This hotspot contains 9 High/Critical risk accidents and 2 Critical risk accidents; upper-quartile thresholds are 5.00 and 0.00.
8,Chandigarh,Punjab,Critical Hotspot,92.71,High,"Review speed control, road design, and emergency response coverage near this hotspot.",The hotspot contains 7 fatal accidents out of 29 records.
9,Chandigarh,Punjab,High Risk Hotspot,66.43,High,Prioritize this hotspot for targeted road-safety intervention.,"Hotspot score is 66.43, classified as High Risk Hotspot; the dataset-derived upper-quartile score threshold is 34.36."
9,Chandigarh,Punjab,High Risk Hotspot,66.43,Medium,Increase targeted enforcement and monitoring at this hotspot.,This hotspot contains 5 High/Critical risk accidents and 0 Critical risk accidents; upper-quartile thresholds are 5.00 and 0.00.
9,Chandigarh,Punjab,High Risk Hotspot,66.43,Medium,"Review speed control, road design, and emergency response coverage near this hotspot.",The hotspot contains 2 fatal accidents out of 34 records.
3,Chandigarh,Punjab,High Risk Hotspot,64.44,High,Prioritize this hotspot for targeted road-safety intervention.,"Hotspot score is 64.44, classified as High Risk Hotspot; the dataset-derived upper-quartile score threshold is 34.36."
3,Chandigarh,Punjab,High Risk Hotspot,64.44,Medium,Increase targeted enforcement and monitoring at this hotspot.,This hotspot contains 7 High/Critical risk accidents and 0 Critical risk accidents; upper-quartile thresholds are 5.00 and 0.00.
3,Chandigarh,Punjab,High Risk Hotspot,64.44,High,"Review speed control, road design, and emergency response coverage near this hotspot.",The hotspot contains 5 fatal accidents out of 23 records.
5,Chandigarh,Punjab,High Risk Hotspot,60.44,High,Prioritize this hotspot for targeted road-safety intervention.,"Hotspot score is 60.44, classified as High Risk Hotspot; the dataset-derived upper-quartile score threshold is 34.36."
5,Chandigarh,Punjab,High Risk Hotspot,60.44,Medium,Increase targeted enforcement and monitoring at this hotspot.,This hotspot contains 6 High/Critical risk accidents and 0 Critical risk accidents; upper-quartile thresholds are 5.00 and 0.00.
5,Chandigarh,Punjab,High Risk Hotspot,60.44,High,"Review speed control, road design, and emergency response coverage near this hotspot.",The hotspot contains 3 fatal accidents out of 28 records.
0,Chandigarh,Punjab,High Risk Hotspot,57.33,High,Prioritize this hotspot for targeted road-safety intervention.,"Hotspot score is 57.33, classified as High Risk Hotspot; the dataset-derived upper-quartile score threshold is 34.36."
0,Chandigarh,Punjab,High Risk Hotspot,57.33,Medium,Increase targeted enforcement and monitoring at this hotspot.,This hotspot contains 7 High/Critical risk accidents and 0 Critical risk accidents; upper-quartile thresholds are 5.00 and 0.00.
0,Chandigarh,Punjab,High Risk Hotspot,57.33,High,"Review speed control, road design, and emergency response coverage near this hotspot.",The hotspot contains 3 fatal accidents out of 24 records.
6,Chandigarh,Punjab,High Risk Hotspot,54.06,High,Prioritize this hotspot for targeted road-safety intervention.,"Hotspot score is 54.06, classified as High Risk Hotspot; the dataset-derived upper-quartile score threshold is 34.36."
6,Chandigarh,Punjab,High Risk Hotspot,54.06,Medium,Increase targeted enforcement and monitoring at this hotspot.,This hotspot contains 8 High/Critical risk accidents and 0 Critical risk accidents; upper-quartile thresholds are 5.00 and 0.00.
6,Chandigarh,Punjab,High Risk Hotspot,54.06,Medium,"Review speed control, road design, and emergency response coverage near this hotspot.",The hotspot contains 2 fatal accidents out of 23 records.
7,Chandigarh,Punjab,High Risk Hotspot,53.62,High,Prioritize this hotspot for targeted road-safety intervention.,"Hotspot score is 53.62, classified as High Risk Hotspot; the dataset-derived upper-quartile score threshold is 34.36."
7,Chandigarh,Punjab,High Risk Hotspot,53.62,Medium,Increase targeted enforcement and monitoring at this hotspot.,This hotspot contains 5 High/Critical risk accidents and 0 Critical risk accidents; upper-quartile thresholds are 5.00 and 0.00.
7,Chandigarh,Punjab,High Risk Hotspot,53.62,High,"Review speed control, road design, and emergency response coverage near this hotspot.",The hotspot contains 5 fatal accidents out of 20 records.
1,Chandigarh,Punjab,Moderate Hotspot,39.93,High,Prioritize this hotspot for targeted road-safety intervention.,"Hotspot score is 39.93, classified as Moderate Hotspot; the dataset-derived upper-quartile score threshold is 34.36."
1,Chandigarh,Punjab,Moderate Hotspot,39.93,Medium,Increase targeted enforcement and monitoring at this hotspot.,This hotspot contains 5 High/Critical risk accidents and 0 Critical risk accidents; upper-quartile thresholds are 5.00 and 0.00.
1,Chandigarh,Punjab,Moderate Hotspot,39.93,High,"Review speed control, road design, and emergency response coverage near this hotspot.",The hotspot contains 3 fatal accidents out of 17 records.
2,Chandigarh,Punjab,Moderate Hotspot,36.26,High,Prioritize this hotspot for targeted road-safety intervention.,"Hotspot score is 36.26, classified as Moderate Hotspot; the dataset-derived upper-quartile score threshold is 34.36."
2,Chandigarh,Punjab,Moderate Hotspot,36.26,High,Increase targeted enforcement and monitoring at this hotspot.,This hotspot contains 5 High/Critical risk accidents and 2 Critical risk accidents; upper-quartile thresholds are 5.00 and 0.00.
2,Chandigarh,Punjab,Moderate Hotspot,36.26,High,"Review speed control, road design, and emergency response coverage near this hotspot.",The hotspot contains 3 fatal accidents out of 15 records.
22,Chandigarh,Punjab,Moderate Hotspot,35.65,High,Prioritize this hotspot for targeted road-safety intervention.,"Hotspot score is 35.65, classified as Moderate Hotspot; the dataset-derived upper-quartile score threshold is 34.36."
22,Chandigarh,Punjab,Moderate Hotspot,35.65,Medium,Increase targeted enforcement and monitoring at this hotspot.,This hotspot contains 6 High/Critical risk accidents and 0 Critical risk accidents; upper-quartile thresholds are 5.00 and 0.00.
22,Chandigarh,Punjab,Moderate Hotspot,35.65,Medium,"Review speed control, road design, and emergency response coverage near this hotspot.",The hotspot contains 2 fatal accidents out of 16 records.
26,Chandigarh,Punjab,Moderate Hotspot,30.5,Low,Prioritize this hotspot for targeted road-safety intervention.,"Hotspot score is 30.50, classified as Moderate Hotspot; the dataset-derived upper-quartile score threshold is 34.36."
26,Chandigarh,Punjab,Moderate Hotspot,30.5,Medium,Increase targeted enforcement and monitoring at this hotspot.,This hotspot contains 4 High/Critical risk accidents and 0 Critical risk accidents; upper-quartile thresholds are 5.00 and 0.00.
26,Chandigarh,Punjab,Moderate Hotspot,30.5,Medium,"Review speed control, road design, and emergency response coverage near this hotspot.",The hotspot contains 2 fatal accidents out of 15 records.
32,Chandigarh,Punjab,Moderate Hotspot,30.24,Low,Prioritize this hotspot for targeted road-safety intervention.,"Hotspot score is 30.24, classified as Moderate Hotspot; the dataset-derived upper-quartile score threshold is 34.36."
32,Chandigarh,Punjab,Moderate Hotspot,30.24,High,Increase targeted enforcement and monitoring at this hotspot.,This hotspot contains 4 High/Critical risk accidents and 2 Critical risk accidents; upper-quartile thresholds are 5.00 and 0.00.
32,Chandigarh,Punjab,Moderate Hotspot,30.24,High,"Review speed control, road design, and emergency response coverage near this hotspot.",The hotspot contains 4 fatal accidents out of 11 records.
37,Chandigarh,Punjab,Moderate Hotspot,29.28,Low,Prioritize this hotspot for targeted road-safety intervention.,"Hotspot score is 29.28, classified as Moderate Hotspot; the dataset-derived upper-quartile score threshold is 34.36."
37,Chandigarh,Punjab,Moderate Hotspot,29.28,High,Increase targeted enforcement and monitoring at this hotspot.,This hotspot contains 4 High/Critical risk accidents and 1 Critical risk accidents; upper-quartile thresholds are 5.00 and 0.00.
37,Chandigarh,Punjab,Moderate Hotspot,29.28,High,"Review speed control, road design, and emergency response coverage near this hotspot.",The hotspot contains 4 fatal accidents out of 10 records.
21,Chandigarh,Punjab,Moderate Hotspot,28.94,Low,Prioritize this hotspot for targeted road-safety intervention.,"Hotspot score is 28.94, classified as Moderate Hotspot; the dataset-derived upper-quartile score threshold is 34.36."
21,Chandigarh,Punjab,Moderate Hotspot,28.94,Medium,Increase targeted enforcement and monitoring at this hotspot.,This hotspot contains 5 High/Critical risk accidents and 0 Critical risk accidents; upper-quartile thresholds are 5.00 and 0.00.
21,Chandigarh,Punjab,Moderate Hotspot,28.94,Medium,"Review speed control, road design, and emergency response coverage near this hotspot.",The hotspot contains 1 fatal accidents out of 15 records.
15,Chandigarh,Punjab,Moderate Hotspot,28.81,Low,Prioritize this hotspot for targeted road-safety intervention.,"Hotspot score is 28.81, classified as Moderate Hotspot; the dataset-derived upper-quartile score threshold is 34.36."
15,Chandigarh,Punjab,Moderate Hotspot,28.81,Medium,Increase targeted enforcement and monitoring at this hotspot.,This hotspot contains 2 High/Critical risk accidents and 0 Critical risk accidents; upper-quartile thresholds are 5.00 and 0.00.
15,Chandigarh,Punjab,Moderate Hotspot,28.81,Medium,"Review speed control, road design, and emergency response coverage near this hotspot.",The hotspot contains 1 fatal accidents out of 20 records.
12,Chandigarh,Punjab,Moderate Hotspot,27.16,Low,Prioritize this hotspot for targeted road-safety intervention.,"Hotspot score is 27.16, classified as Moderate Hotspot; the dataset-derived upper-quartile score threshold is 34.36."
12,Chandigarh,Punjab,Moderate Hotspot,27.16,Medium,Increase targeted enforcement and monitoring at this hotspot.,This hotspot contains 6 High/Critical risk accidents and 0 Critical risk accidents; upper-quartile thresholds are 5.00 and 0.00.
12,Chandigarh,Punjab,Moderate Hotspot,27.16,Medium,"Review speed control, road design, and emergency response coverage near this hotspot.",The hotspot contains 1 fatal accidents out of 15 records.
31,Chandigarh,Punjab,Moderate Hotspot,25.25,Low,Prioritize this hotspot for targeted road-safety intervention.,"Hotspot score is 25.25, classified as Moderate Hotspot; the dataset-derived upper-quartile score threshold is 34.36."
31,Chandigarh,Punjab,Moderate Hotspot,25.25,Medium,Increase targeted enforcement and monitoring at this hotspot.,This hotspot contains 4 High/Critical risk accidents and 0 Critical risk accidents; upper-quartile thresholds are 5.00 and 0.00.
31,Chandigarh,Punjab,Moderate Hotspot,25.25,High,"Review speed control, road design, and emergency response coverage near this hotspot.",The hotspot contains 3 fatal accidents out of 10 records.
27,Chandigarh,Punjab,Low Risk Hotspot,24.86,Low,Prioritize this hotspot for targeted road-safety intervention.,"Hotspot score is 24.86, classified as Low Risk Hotspot; the dataset-derived upper-quartile score threshold is 34.36."
27,Chandigarh,Punjab,Low Risk Hotspot,24.86,Medium,Increase targeted enforcement and monitoring at this hotspot.,This hotspot contains 3 High/Critical risk accidents and 0 Critical risk accidents; upper-quartile thresholds are 5.00 and 0.00.
27,Chandigarh,Punjab,Low Risk Hotspot,24.86,Medium,"Review speed control, road design, and emergency response coverage near this hotspot.",The hotspot contains 2 fatal accidents out of 13 records.
16,Chandigarh,Punjab,Low Risk Hotspot,23.1,Low,Prioritize this hotspot for targeted road-safety intervention.,"Hotspot score is 23.10, classified as Low Risk Hotspot; the dataset-derived upper-quartile score threshold is 34.36."
16,Chandigarh,Punjab,Low Risk Hotspot,23.1,Medium,Increase targeted enforcement and monitoring at this hotspot.,This hotspot contains 2 High/Critical risk accidents and 0 Critical risk accidents; upper-quartile thresholds are 5.00 and 0.00.
16,Chandigarh,Punjab,Low Risk Hotspot,23.1,Medium,"Review speed control, road design, and emergency response coverage near this hotspot.",The hotspot contains 2 fatal accidents out of 14 records.
23,Chandigarh,Punjab,Low Risk Hotspot,22.97,Low,Prioritize this hotspot for targeted road-safety intervention.,"Hotspot score is 22.97, classified as Low Risk Hotspot; the dataset-derived upper-quartile score threshold is 34.36."
23,Chandigarh,Punjab,Low Risk Hotspot,22.97,High,Increase targeted enforcement and monitoring at this hotspot.,This hotspot contains 2 High/Critical risk accidents and 1 Critical risk accidents; upper-quartile thresholds are 5.00 and 0.00.
23,Chandigarh,Punjab,Low Risk Hotspot,22.97,High,"Review speed control, road design, and emergency response coverage near this hotspot.",The hotspot contains 3 fatal accidents out of 12 records.
4,Chandigarh,Punjab,Low Risk Hotspot,22.29,Low,Prioritize this hotspot for targeted road-safety intervention.,"Hotspot score is 22.29, classified as Low Risk Hotspot; the dataset-derived upper-quartile score threshold is 34.36."
4,Chandigarh,Punjab,Low Risk Hotspot,22.29,Medium,Increase targeted enforcement and monitoring at this hotspot.,This hotspot contains 3 High/Critical risk accidents and 0 Critical risk accidents; upper-quartile thresholds are 5.00 and 0.00.
4,Chandigarh,Punjab,Low Risk Hotspot,22.29,Medium,"Review speed control, road design, and emergency response coverage near this hotspot.",The hotspot contains 1 fatal accidents out of 14 records.
18,Chandigarh,Punjab,Low Risk Hotspot,22.21,Low,Prioritize this hotspot for targeted road-safety intervention.,"Hotspot score is 22.21, classified as Low Risk Hotspot; the dataset-derived upper-quartile score threshold is 34.36."
18,Chandigarh,Punjab,Low Risk Hotspot,22.21,Medium,Increase targeted enforcement and monitoring at this hotspot.,This hotspot contains 4 High/Critical risk accidents and 0 Critical risk accidents; upper-quartile thresholds are 5.00 and 0.00.
18,Chandigarh,Punjab,Low Risk Hotspot,22.21,Medium,"Review speed control, road design, and emergency response coverage near this hotspot.",The hotspot contains 2 fatal accidents out of 10 records.
19,Pune,Maharashtra,Low Risk Hotspot,20.36,Low,Prioritize this hotspot for targeted road-safety intervention.,"Hotspot score is 20.36, classified as Low Risk Hotspot; the dataset-derived upper-quartile score threshold is 34.36."
19,Pune,Maharashtra,Low Risk Hotspot,20.36,Medium,Increase targeted enforcement and monitoring at this hotspot.,This hotspot contains 5 High/Critical risk accidents and 0 Critical risk accidents; upper-quartile thresholds are 5.00 and 0.00.
19,Pune,Maharashtra,Low Risk Hotspot,20.36,Medium,"Review speed control, road design, and emergency response coverage near this hotspot.",The hotspot contains 1 fatal accidents out of 11 records.
10,Chandigarh,Punjab,Low Risk Hotspot,19.04,Low,Prioritize this hotspot for targeted road-safety intervention.,"Hotspot score is 19.04, classified as Low Risk Hotspot; the dataset-derived upper-quartile score threshold is 34.36."
10,Chandigarh,Punjab,Low Risk Hotspot,19.04,Medium,Increase targeted enforcement and monitoring at this hotspot.,This hotspot contains 1 High/Critical risk accidents and 0 Critical risk accidents; upper-quartile thresholds are 5.00 and 0.00.
10,Chandigarh,Punjab,Low Risk Hotspot,19.04,High,"Review speed control, road design, and emergency response coverage near this hotspot.",The hotspot contains 3 fatal accidents out of 11 records.
34,Chandigarh,Punjab,Low Risk Hotspot,16.74,Low,Prioritize this hotspot for targeted road-safety intervention.,"Hotspot score is 16.74, classified as Low Risk Hotspot; the dataset-derived upper-quartile score threshold is 34.36."
34,Chandigarh,Punjab,Low Risk Hotspot,16.74,High,Increase targeted enforcement and monitoring at this hotspot.,This hotspot contains 3 High/Critical risk accidents and 1 Critical risk accidents; upper-quartile thresholds are 5.00 and 0.00.
34,Chandigarh,Punjab,Low Risk Hotspot,16.74,Medium,"Review speed control, road design, and emergency response coverage near this hotspot.",The hotspot contains 2 fatal accidents out of 10 records.
11,Chandigarh,Punjab,Low Risk Hotspot,15.53,Low,Prioritize this hotspot for targeted road-safety intervention.,"Hotspot score is 15.53, classified as Low Risk Hotspot; the dataset-derived upper-quartile score threshold is 34.36."
11,Chandigarh,Punjab,Low Risk Hotspot,15.53,Medium,Increase targeted enforcement and monitoring at this hotspot.,This hotspot contains 5 High/Critical risk accidents and 0 Critical risk accidents; upper-quartile thresholds are 5.00 and 0.00.
33,Chandigarh,Punjab,Low Risk Hotspot,12.54,Low,Prioritize this hotspot for targeted road-safety intervention.,"Hotspot score is 12.54, classified as Low Risk Hotspot; the dataset-derived upper-quartile score threshold is 34.36."
33,Chandigarh,Punjab,Low Risk Hotspot,12.54,Medium,Increase targeted enforcement and monitoring at this hotspot.,This hotspot contains 1 High/Critical risk accidents and 0 Critical risk accidents; upper-quartile thresholds are 5.00 and 0.00.
33,Chandigarh,Punjab,Low Risk Hotspot,12.54,Medium,"Review speed control, road design, and emergency response coverage near this hotspot.",The hotspot contains 2 fatal accidents out of 10 records.
30,Chandigarh,Punjab,Low Risk Hotspot,11.98,Low,Prioritize this hotspot for targeted road-safety intervention.,"Hotspot score is 11.98, classified as Low Risk Hotspot; the dataset-derived upper-quartile score threshold is 34.36."
30,Chandigarh,Punjab,Low Risk Hotspot,11.98,Medium,Increase targeted enforcement and monitoring at this hotspot.,This hotspot contains 2 High/Critical risk accidents and 0 Critical risk accidents; upper-quartile thresholds are 5.00 and 0.00.
30,Chandigarh,Punjab,Low Risk Hotspot,11.98,Medium,"Review speed control, road design, and emergency response coverage near this hotspot.",The hotspot contains 1 fatal accidents out of 10 records.
20,Chandigarh,Punjab,Low Risk Hotspot,11.57,Low,Prioritize this hotspot for targeted road-safety intervention.,"Hotspot score is 11.57, classified as Low Risk Hotspot; the dataset-derived upper-quartile score threshold is 34.36."
20,Chandigarh,Punjab,Low Risk Hotspot,11.57,Medium,Increase targeted enforcement and monitoring at this hotspot.,This hotspot contains 0 High/Critical risk accidents and 0 Critical risk accidents; upper-quartile thresholds are 5.00 and 0.00.
20,Chandigarh,Punjab,Low Risk Hotspot,11.57,Medium,"Review speed control, road design, and emergency response coverage near this hotspot.",The hotspot contains 2 fatal accidents out of 10 records.
28,Chandigarh,Punjab,Low Risk Hotspot,10.98,Low,Prioritize this hotspot for targeted road-safety intervention.,"Hotspot score is 10.98, classified as Low Risk Hotspot; the dataset-derived upper-quartile score threshold is 34.36."
28,Chandigarh,Punjab,Low Risk Hotspot,10.98,Medium,Increase targeted enforcement and monitoring at this hotspot.,This hotspot contains 2 High/Critical risk accidents and 0 Critical risk accidents; upper-quartile thresholds are 5.00 and 0.00.
28,Chandigarh,Punjab,Low Risk Hotspot,10.98,Medium,"Review speed control, road design, and emergency response coverage near this hotspot.",The hotspot contains 1 fatal accidents out of 10 records.
29,Chandigarh,Punjab,Low Risk Hotspot,9.01,Low,Prioritize this hotspot for targeted road-safety intervention.,"Hotspot score is 9.01, classified as Low Risk Hotspot; the dataset-derived upper-quartile score threshold is 34.36."
29,Chandigarh,Punjab,Low Risk Hotspot,9.01,High,Increase targeted enforcement and monitoring at this hotspot.,This hotspot contains 1 High/Critical risk accidents and 1 Critical risk accidents; upper-quartile thresholds are 5.00 and 0.00.
29,Chandigarh,Punjab,Low Risk Hotspot,9.01,Medium,"Review speed control, road design, and emergency response coverage near this hotspot.",The hotspot contains 1 fatal accidents out of 10 records.
24,Chandigarh,Punjab,Low Risk Hotspot,8.42,Low,Prioritize this hotspot for targeted road-safety intervention.,"Hotspot score is 8.42, classified as Low Risk Hotspot; the dataset-derived upper-quartile score threshold is 34.36."
24,Chandigarh,Punjab,Low Risk Hotspot,8.42,Medium,Increase targeted enforcement and monitoring at this hotspot.,This hotspot contains 3 High/Critical risk accidents and 0 Critical risk accidents; upper-quartile thresholds are 5.00 and 0.00.
25,Chandigarh,Punjab,Low Risk Hotspot,8.14,Low,Prioritize this hotspot for targeted road-safety intervention.,"Hotspot score is 8.14, classified as Low Risk Hotspot; the dataset-derived upper-quartile score threshold is 34.36."
25,Chandigarh,Punjab,Low Risk Hotspot,8.14,Medium,Increase targeted enforcement and monitoring at this hotspot.,This hotspot contains 1 High/Critical risk accidents and 0 Critical risk accidents; upper-quartile thresholds are 5.00 and 0.00.
17,Chandigarh,Punjab,Low Risk Hotspot,7.43,Low,Prioritize this hotspot for targeted road-safety intervention.,"Hotspot score is 7.43, classified as Low Risk Hotspot; the dataset-derived upper-quartile score threshold is 34.36."
17,Chandigarh,Punjab,Low Risk Hotspot,7.43,Medium,Increase targeted enforcement and monitoring at this hotspot.,This hotspot contains 1 High/Critical risk accidents and 0 Critical risk accidents; upper-quartile thresholds are 5.00 and 0.00.
13,Chandigarh,Punjab,Low Risk Hotspot,6.69,Low,Prioritize this hotspot for targeted road-safety intervention.,"Hotspot score is 6.69, classified as Low Risk Hotspot; the dataset-derived upper-quartile score threshold is 34.36."
13,Chandigarh,Punjab,Low Risk Hotspot,6.69,Medium,Increase targeted enforcement and monitoring at this hotspot.,This hotspot contains 2 High/Critical risk accidents and 0 Critical risk accidents; upper-quartile thresholds are 5.00 and 0.00.
35,Chandigarh,Punjab,Low Risk Hotspot,5.43,Low,Prioritize this hotspot for targeted road-safety intervention.,"Hotspot score is 5.43, classified as Low Risk Hotspot; the dataset-derived upper-quartile score threshold is 34.36."
35,Chandigarh,Punjab,Low Risk Hotspot,5.43,Medium,Increase targeted enforcement and monitoring at this hotspot.,This hotspot contains 1 High/Critical risk accidents and 0 Critical risk accidents; upper-quartile thresholds are 5.00 and 0.00.
36,Chandigarh,Punjab,Low Risk Hotspot,3.71,Low,Prioritize this hotspot for targeted road-safety intervention.,"Hotspot score is 3.71, classified as Low Risk Hotspot; the dataset-derived upper-quartile score threshold is 34.36."
36,Chandigarh,Punjab,Low Risk Hotspot,3.71,Medium,Increase targeted enforcement and monitoring at this hotspot.,This hotspot contains 0 High/Critical risk accidents and 0 Critical risk accidents; upper-quartile thresholds are 5.00 and 0.00.
14,Chandigarh,Punjab,Low Risk Hotspot,0.0,Low,Prioritize this hotspot for targeted road-safety intervention.,"Hotspot score is 0.00, classified as Low Risk Hotspot; the dataset-derived upper-quartile score threshold is 34.36."
14,Chandigarh,Punjab,Low Risk Hotspot,0.0,Medium,Increase targeted enforcement and monitoring at this hotspot.,This hotspot contains 0 High/Critical risk accidents and 0 Critical risk accidents; upper-quartile thresholds are 5.00 and 0.00.
8,Chandigarh,Punjab,Critical Hotspot,92.71,High,Increase traffic monitoring and enforcement during high-density periods.,Low traffic density is the dominant category at 35.34% of records; threshold used: 35.34%.
9,Chandigarh,Punjab,High Risk Hotspot,66.43,Medium,Increase traffic monitoring and enforcement during high-density periods.,Low traffic density is the dominant category at 35.34% of records; threshold used: 35.34%.
3,Chandigarh,Punjab,High Risk Hotspot,64.44,Medium,Increase traffic monitoring and enforcement during high-density periods.,Low traffic density is the dominant category at 35.34% of records; threshold used: 35.34%.
5,Chandigarh,Punjab,High Risk Hotspot,60.44,Medium,Increase traffic monitoring and enforcement during high-density periods.,Low traffic density is the dominant category at 35.34% of records; threshold used: 35.34%.
0,Chandigarh,Punjab,High Risk Hotspot,57.33,Medium,Increase traffic monitoring and enforcement during high-density periods.,Low traffic density is the dominant category at 35.34% of records; threshold used: 35.34%.
6,Chandigarh,Punjab,High Risk Hotspot,54.06,Medium,Increase traffic monitoring and enforcement during high-density periods.,Low traffic density is the dominant category at 35.34% of records; threshold used: 35.34%.
7,Chandigarh,Punjab,High Risk Hotspot,53.62,Medium,Increase traffic monitoring and enforcement during high-density periods.,Low traffic density is the dominant category at 35.34% of records; threshold used: 35.34%.
1,Chandigarh,Punjab,Moderate Hotspot,39.93,Medium,Increase traffic monitoring and enforcement during high-density periods.,Low traffic density is the dominant category at 35.34% of records; threshold used: 35.34%.
2,Chandigarh,Punjab,Moderate Hotspot,36.26,Medium,Increase traffic monitoring and enforcement during high-density periods.,Low traffic density is the dominant category at 35.34% of records; threshold used: 35.34%.
22,Chandigarh,Punjab,Moderate Hotspot,35.65,Medium,Increase traffic monitoring and enforcement during high-density periods.,Low traffic density is the dominant category at 35.34% of records; threshold used: 35.34%.
26,Chandigarh,Punjab,Moderate Hotspot,30.5,Medium,Increase traffic monitoring and enforcement during high-density periods.,Low traffic density is the dominant category at 35.34% of records; threshold used: 35.34%.
32,Chandigarh,Punjab,Moderate Hotspot,30.24,Medium,Increase traffic monitoring and enforcement during high-density periods.,Low traffic density is the dominant category at 35.34% of records; threshold used: 35.34%.
37,Chandigarh,Punjab,Moderate Hotspot,29.28,Medium,Increase traffic monitoring and enforcement during high-density periods.,Low traffic density is the dominant category at 35.34% of records; threshold used: 35.34%.
21,Chandigarh,Punjab,Moderate Hotspot,28.94,Medium,Increase traffic monitoring and enforcement during high-density periods.,Low traffic density is the dominant category at 35.34% of records; threshold used: 35.34%.
15,Chandigarh,Punjab,Moderate Hotspot,28.81,Medium,Increase traffic monitoring and enforcement during high-density periods.,Low traffic density is the dominant category at 35.34% of records; threshold used: 35.34%.
12,Chandigarh,Punjab,Moderate Hotspot,27.16,Medium,Increase traffic monitoring and enforcement during high-density periods.,Low traffic density is the dominant category at 35.34% of records; threshold used: 35.34%.
31,Chandigarh,Punjab,Moderate Hotspot,25.25,Medium,Increase traffic monitoring and enforcement during high-density periods.,Low traffic density is the dominant category at 35.34% of records; threshold used: 35.34%.
27,Chandigarh,Punjab,Low Risk Hotspot,24.86,Medium,Increase traffic monitoring and enforcement during high-density periods.,Low traffic density is the dominant category at 35.34% of records; threshold used: 35.34%.
16,Chandigarh,Punjab,Low Risk Hotspot,23.1,Medium,Increase traffic monitoring and enforcement during high-density periods.,Low traffic density is the dominant category at 35.34% of records; threshold used: 35.34%.
23,Chandigarh,Punjab,Low Risk Hotspot,22.97,Medium,Increase traffic monitoring and enforcement during high-density periods.,Low traffic density is the dominant category at 35.34% of records; threshold used: 35.34%.
4,Chandigarh,Punjab,Low Risk Hotspot,22.29,Medium,Increase traffic monitoring and enforcement during high-density periods.,Low traffic density is the dominant category at 35.34% of records; threshold used: 35.34%.
18,Chandigarh,Punjab,Low Risk Hotspot,22.21,Medium,Increase traffic monitoring and enforcement during high-density periods.,Low traffic density is the dominant category at 35.34% of records; threshold used: 35.34%.
19,Pune,Maharashtra,Low Risk Hotspot,20.36,Medium,Increase traffic monitoring and enforcement during high-density periods.,Low traffic density is the dominant category at 35.34% of records; threshold used: 35.34%.
10,Chandigarh,Punjab,Low Risk Hotspot,19.04,Medium,Increase traffic monitoring and enforcement during high-density periods.,Low traffic density is the dominant category at 35.34% of records; threshold used: 35.34%.
34,Chandigarh,Punjab,Low Risk Hotspot,16.74,Medium,Increase traffic monitoring and enforcement during high-density periods.,Low traffic density is the dominant category at 35.34% of records; threshold used: 35.34%.
11,Chandigarh,Punjab,Low Risk Hotspot,15.53,Medium,Increase traffic monitoring and enforcement during high-density periods.,Low traffic density is the dominant category at 35.34% of records; threshold used: 35.34%.
33,Chandigarh,Punjab,Low Risk Hotspot,12.54,Medium,Increase traffic monitoring and enforcement during high-density periods.,Low traffic density is the dominant category at 35.34% of records; threshold used: 35.34%.
30,Chandigarh,Punjab,Low Risk Hotspot,11.98,Medium,Increase traffic monitoring and enforcement during high-density periods.,Low traffic density is the dominant category at 35.34% of records; threshold used: 35.34%.
20,Chandigarh,Punjab,Low Risk Hotspot,11.57,Medium,Increase traffic monitoring and enforcement during high-density periods.,Low traffic density is the dominant category at 35.34% of records; threshold used: 35.34%.
28,Chandigarh,Punjab,Low Risk Hotspot,10.98,Medium,Increase traffic monitoring and enforcement during high-density periods.,Low traffic density is the dominant category at 35.34% of records; threshold used: 35.34%.
29,Chandigarh,Punjab,Low Risk Hotspot,9.01,Medium,Increase traffic monitoring and enforcement during high-density periods.,Low traffic density is the dominant category at 35.34% of records; threshold used: 35.34%.
24,Chandigarh,Punjab,Low Risk Hotspot,8.42,Medium,Increase traffic monitoring and enforcement during high-density periods.,Low traffic density is the dominant category at 35.34% of records; threshold used: 35.34%.
25,Chandigarh,Punjab,Low Risk Hotspot,8.14,Medium,Increase traffic monitoring and enforcement during high-density periods.,Low traffic density is the dominant category at 35.34% of records; threshold used: 35.34%.
17,Chandigarh,Punjab,Low Risk Hotspot,7.43,Medium,Increase traffic monitoring and enforcement during high-density periods.,Low traffic density is the dominant category at 35.34% of records; threshold used: 35.34%.
13,Chandigarh,Punjab,Low Risk Hotspot,6.69,Medium,Increase traffic monitoring and enforcement during high-density periods.,Low traffic density is the dominant category at 35.34% of records; threshold used: 35.34%.
35,Chandigarh,Punjab,Low Risk Hotspot,5.43,Medium,Increase traffic monitoring and enforcement during high-density periods.,Low traffic density is the dominant category at 35.34% of records; threshold used: 35.34%.
36,Chandigarh,Punjab,Low Risk Hotspot,3.71,Medium,Increase traffic monitoring and enforcement during high-density periods.,Low traffic density is the dominant category at 35.34% of records; threshold used: 35.34%.
14,Chandigarh,Punjab,Low Risk Hotspot,0.0,Medium,Increase traffic monitoring and enforcement during high-density periods.,Low traffic density is the dominant category at 35.34% of records; threshold used: 35.34%.
8,Chandigarh,Punjab,Critical Hotspot,92.71,High,Prioritize road-safety intervention and speed enforcement.,Fatal accidents represent 14.94% of records; data-driven review threshold: 14.94%.
9,Chandigarh,Punjab,High Risk Hotspot,66.43,Medium,Prioritize road-safety intervention and speed enforcement.,Fatal accidents represent 14.94% of records; data-driven review threshold: 14.94%.
3,Chandigarh,Punjab,High Risk Hotspot,64.44,Medium,Prioritize road-safety intervention and speed enforcement.,Fatal accidents represent 14.94% of records; data-driven review threshold: 14.94%.
5,Chandigarh,Punjab,High Risk Hotspot,60.44,Medium,Prioritize road-safety intervention and speed enforcement.,Fatal accidents represent 14.94% of records; data-driven review threshold: 14.94%.
0,Chandigarh,Punjab,High Risk Hotspot,57.33,Medium,Prioritize road-safety intervention and speed enforcement.,Fatal accidents represent 14.94% of records; data-driven review threshold: 14.94%.
6,Chandigarh,Punjab,High Risk Hotspot,54.06,Medium,Prioritize road-safety intervention and speed enforcement.,Fatal accidents represent 14.94% of records; data-driven review threshold: 14.94%.
7,Chandigarh,Punjab,High Risk Hotspot,53.62,Medium,Prioritize road-safety intervention and speed enforcement.,Fatal accidents represent 14.94% of records; data-driven review threshold: 14.94%.
1,Chandigarh,Punjab,Moderate Hotspot,39.93,Medium,Prioritize road-safety intervention and speed enforcement.,Fatal accidents represent 14.94% of records; data-driven review threshold: 14.94%.
2,Chandigarh,Punjab,Moderate Hotspot,36.26,Medium,Prioritize road-safety intervention and speed enforcement.,Fatal accidents represent 14.94% of records; data-driven review threshold: 14.94%.
22,Chandigarh,Punjab,Moderate Hotspot,35.65,Medium,Prioritize road-safety intervention and speed enforcement.,Fatal accidents represent 14.94% of records; data-driven review threshold: 14.94%.
26,Chandigarh,Punjab,Moderate Hotspot,30.5,Medium,Prioritize road-safety intervention and speed enforcement.,Fatal accidents represent 14.94% of records; data-driven review threshold: 14.94%.
32,Chandigarh,Punjab,Moderate Hotspot,30.24,Medium,Prioritize road-safety intervention and speed enforcement.,Fatal accidents represent 14.94% of records; data-driven review threshold: 14.94%.
37,Chandigarh,Punjab,Moderate Hotspot,29.28,Medium,Prioritize road-safety intervention and speed enforcement.,Fatal accidents represent 14.94% of records; data-driven review threshold: 14.94%.
21,Chandigarh,Punjab,Moderate Hotspot,28.94,Medium,Prioritize road-safety intervention and speed enforcement.,Fatal accidents represent 14.94% of records; data-driven review threshold: 14.94%.
15,Chandigarh,Punjab,Moderate Hotspot,28.81,Medium,Prioritize road-safety intervention and speed enforcement.,Fatal accidents represent 14.94% of records; data-driven review threshold: 14.94%.
12,Chandigarh,Punjab,Moderate Hotspot,27.16,Medium,Prioritize road-safety intervention and speed enforcement.,Fatal accidents represent 14.94% of records; data-driven review threshold: 14.94%.
31,Chandigarh,Punjab,Moderate Hotspot,25.25,Medium,Prioritize road-safety intervention and speed enforcement.,Fatal accidents represent 14.94% of records; data-driven review threshold: 14.94%.
27,Chandigarh,Punjab,Low Risk Hotspot,24.86,Medium,Prioritize road-safety intervention and speed enforcement.,Fatal accidents represent 14.94% of records; data-driven review threshold: 14.94%.
16,Chandigarh,Punjab,Low Risk Hotspot,23.1,Medium,Prioritize road-safety intervention and speed enforcement.,Fatal accidents represent 14.94% of records; data-driven review threshold: 14.94%.
23,Chandigarh,Punjab,Low Risk Hotspot,22.97,Medium,Prioritize road-safety intervention and speed enforcement.,Fatal accidents represent 14.94% of records; data-driven review threshold: 14.94%.
4,Chandigarh,Punjab,Low Risk Hotspot,22.29,Medium,Prioritize road-safety intervention and speed enforcement.,Fatal accidents represent 14.94% of records; data-driven review threshold: 14.94%.
18,Chandigarh,Punjab,Low Risk Hotspot,22.21,Medium,Prioritize road-safety intervention and speed enforcement.,Fatal accidents represent 14.94% of records; data-driven review threshold: 14.94%.
19,Pune,Maharashtra,Low Risk Hotspot,20.36,Medium,Prioritize road-safety intervention and speed enforcement.,Fatal accidents represent 14.94% of records; data-driven review threshold: 14.94%.
10,Chandigarh,Punjab,Low Risk Hotspot,19.04,Medium,Prioritize road-safety intervention and speed enforcement.,Fatal accidents represent 14.94% of records; data-driven review threshold: 14.94%.
34,Chandigarh,Punjab,Low Risk Hotspot,16.74,Medium,Prioritize road-safety intervention and speed enforcement.,Fatal accidents represent 14.94% of records; data-driven review threshold: 14.94%.
11,Chandigarh,Punjab,Low Risk Hotspot,15.53,Medium,Prioritize road-safety intervention and speed enforcement.,Fatal accidents represent 14.94% of records; data-driven review threshold: 14.94%.
33,Chandigarh,Punjab,Low Risk Hotspot,12.54,Medium,Prioritize road-safety intervention and speed enforcement.,Fatal accidents represent 14.94% of records; data-driven review threshold: 14.94%.
30,Chandigarh,Punjab,Low Risk Hotspot,11.98,Medium,Prioritize road-safety intervention and speed enforcement.,Fatal accidents represent 14.94% of records; data-driven review threshold: 14.94%.
20,Chandigarh,Punjab,Low Risk Hotspot,11.57,Medium,Prioritize road-safety intervention and speed enforcement.,Fatal accidents represent 14.94% of records; data-driven review threshold: 14.94%.
28,Chandigarh,Punjab,Low Risk Hotspot,10.98,Medium,Prioritize road-safety intervention and speed enforcement.,Fatal accidents represent 14.94% of records; data-driven review threshold: 14.94%.
29,Chandigarh,Punjab,Low Risk Hotspot,9.01,Medium,Prioritize road-safety intervention and speed enforcement.,Fatal accidents represent 14.94% of records; data-driven review threshold: 14.94%.
24,Chandigarh,Punjab,Low Risk Hotspot,8.42,Medium,Prioritize road-safety intervention and speed enforcement.,Fatal accidents represent 14.94% of records; data-driven review threshold: 14.94%.
25,Chandigarh,Punjab,Low Risk Hotspot,8.14,Medium,Prioritize road-safety intervention and speed enforcement.,Fatal accidents represent 14.94% of records; data-driven review threshold: 14.94%.
17,Chandigarh,Punjab,Low Risk Hotspot,7.43,Medium,Prioritize road-safety intervention and speed enforcement.,Fatal accidents represent 14.94% of records; data-driven review threshold: 14.94%.
13,Chandigarh,Punjab,Low Risk Hotspot,6.69,Medium,Prioritize road-safety intervention and speed enforcement.,Fatal accidents represent 14.94% of records; data-driven review threshold: 14.94%.
35,Chandigarh,Punjab,Low Risk Hotspot,5.43,Medium,Prioritize road-safety intervention and speed enforcement.,Fatal accidents represent 14.94% of records; data-driven review threshold: 14.94%.
36,Chandigarh,Punjab,Low Risk Hotspot,3.71,Medium,Prioritize road-safety intervention and speed enforcement.,Fatal accidents represent 14.94% of records; data-driven review threshold: 14.94%.
14,Chandigarh,Punjab,Low Risk Hotspot,0.0,Medium,Prioritize road-safety intervention and speed enforcement.,Fatal accidents represent 14.94% of records; data-driven review threshold: 14.94%.
8,Chandigarh,Punjab,Critical Hotspot,92.71,High,"Evaluate street lighting, nighttime visibility, and nighttime enforcement.",Nighttime accidents represent 41.95% of records using hours before 06:00 or from 20:00; threshold: 41.95%.
9,Chandigarh,Punjab,High Risk Hotspot,66.43,Medium,"Evaluate street lighting, nighttime visibility, and nighttime enforcement.",Nighttime accidents represent 41.95% of records using hours before 06:00 or from 20:00; threshold: 41.95%.
3,Chandigarh,Punjab,High Risk Hotspot,64.44,Medium,"Evaluate street lighting, nighttime visibility, and nighttime enforcement.",Nighttime accidents represent 41.95% of records using hours before 06:00 or from 20:00; threshold: 41.95%.
5,Chandigarh,Punjab,High Risk Hotspot,60.44,Medium,"Evaluate street lighting, nighttime visibility, and nighttime enforcement.",Nighttime accidents represent 41.95% of records using hours before 06:00 or from 20:00; threshold: 41.95%.
0,Chandigarh,Punjab,High Risk Hotspot,57.33,Medium,"Evaluate street lighting, nighttime visibility, and nighttime enforcement.",Nighttime accidents represent 41.95% of records using hours before 06:00 or from 20:00; threshold: 41.95%.
6,Chandigarh,Punjab,High Risk Hotspot,54.06,Medium,"Evaluate street lighting, nighttime visibility, and nighttime enforcement.",Nighttime accidents represent 41.95% of records using hours before 06:00 or from 20:00; threshold: 41.95%.
7,Chandigarh,Punjab,High Risk Hotspot,53.62,Medium,"Evaluate street lighting, nighttime visibility, and nighttime enforcement.",Nighttime accidents represent 41.95% of records using hours before 06:00 or from 20:00; threshold: 41.95%.
1,Chandigarh,Punjab,Moderate Hotspot,39.93,Medium,"Evaluate street lighting, nighttime visibility, and nighttime enforcement.",Nighttime accidents represent 41.95% of records using hours before 06:00 or from 20:00; threshold: 41.95%.
2,Chandigarh,Punjab,Moderate Hotspot,36.26,Medium,"Evaluate street lighting, nighttime visibility, and nighttime enforcement.",Nighttime accidents represent 41.95% of records using hours before 06:00 or from 20:00; threshold: 41.95%.
22,Chandigarh,Punjab,Moderate Hotspot,35.65,Medium,"Evaluate street lighting, nighttime visibility, and nighttime enforcement.",Nighttime accidents represent 41.95% of records using hours before 06:00 or from 20:00; threshold: 41.95%.
26,Chandigarh,Punjab,Moderate Hotspot,30.5,Medium,"Evaluate street lighting, nighttime visibility, and nighttime enforcement.",Nighttime accidents represent 41.95% of records using hours before 06:00 or from 20:00; threshold: 41.95%.
32,Chandigarh,Punjab,Moderate Hotspot,30.24,Medium,"Evaluate street lighting, nighttime visibility, and nighttime enforcement.",Nighttime accidents represent 41.95% of records using hours before 06:00 or from 20:00; threshold: 41.95%.
37,Chandigarh,Punjab,Moderate Hotspot,29.28,Medium,"Evaluate street lighting, nighttime visibility, and nighttime enforcement.",Nighttime accidents represent 41.95% of records using hours before 06:00 or from 20:00; threshold: 41.95%.
21,Chandigarh,Punjab,Moderate Hotspot,28.94,Medium,"Evaluate street lighting, nighttime visibility, and nighttime enforcement.",Nighttime accidents represent 41.95% of records using hours before 06:00 or from 20:00; threshold: 41.95%.
15,Chandigarh,Punjab,Moderate Hotspot,28.81,Medium,"Evaluate street lighting, nighttime visibility, and nighttime enforcement.",Nighttime accidents represent 41.95% of records using hours before 06:00 or from 20:00; threshold: 41.95%.
12,Chandigarh,Punjab,Moderate Hotspot,27.16,Medium,"Evaluate street lighting, nighttime visibility, and nighttime enforcement.",Nighttime accidents represent 41.95% of records using hours before 06:00 or from 20:00; threshold: 41.95%.
31,Chandigarh,Punjab,Moderate Hotspot,25.25,Medium,"Evaluate street lighting, nighttime visibility, and nighttime enforcement.",Nighttime accidents represent 41.95% of records using hours before 06:00 or from 20:00; threshold: 41.95%.
27,Chandigarh,Punjab,Low Risk Hotspot,24.86,Medium,"Evaluate street lighting, nighttime visibility, and nighttime enforcement.",Nighttime accidents represent 41.95% of records using hours before 06:00 or from 20:00; threshold: 41.95%.
16,Chandigarh,Punjab,Low Risk Hotspot,23.1,Medium,"Evaluate street lighting, nighttime visibility, and nighttime enforcement.",Nighttime accidents represent 41.95% of records using hours before 06:00 or from 20:00; threshold: 41.95%.
23,Chandigarh,Punjab,Low Risk Hotspot,22.97,Medium,"Evaluate street lighting, nighttime visibility, and nighttime enforcement.",Nighttime accidents represent 41.95% of records using hours before 06:00 or from 20:00; threshold: 41.95%.
4,Chandigarh,Punjab,Low Risk Hotspot,22.29,Medium,"Evaluate street lighting, nighttime visibility, and nighttime enforcement.",Nighttime accidents represent 41.95% of records using hours before 06:00 or from 20:00; threshold: 41.95%.
18,Chandigarh,Punjab,Low Risk Hotspot,22.21,Medium,"Evaluate street lighting, nighttime visibility, and nighttime enforcement.",Nighttime accidents represent 41.95% of records using hours before 06:00 or from 20:00; threshold: 41.95%.
19,Pune,Maharashtra,Low Risk Hotspot,20.36,Medium,"Evaluate street lighting, nighttime visibility, and nighttime enforcement.",Nighttime accidents represent 41.95% of records using hours before 06:00 or from 20:00; threshold: 41.95%.
10,Chandigarh,Punjab,Low Risk Hotspot,19.04,Medium,"Evaluate street lighting, nighttime visibility, and nighttime enforcement.",Nighttime accidents represent 41.95% of records using hours before 06:00 or from 20:00; threshold: 41.95%.
34,Chandigarh,Punjab,Low Risk Hotspot,16.74,Medium,"Evaluate street lighting, nighttime visibility, and nighttime enforcement.",Nighttime accidents represent 41.95% of records using hours before 06:00 or from 20:00; threshold: 41.95%.
11,Chandigarh,Punjab,Low Risk Hotspot,15.53,Medium,"Evaluate street lighting, nighttime visibility, and nighttime enforcement.",Nighttime accidents represent 41.95% of records using hours before 06:00 or from 20:00; threshold: 41.95%.
33,Chandigarh,Punjab,Low Risk Hotspot,12.54,Medium,"Evaluate street lighting, nighttime visibility, and nighttime enforcement.",Nighttime accidents represent 41.95% of records using hours before 06:00 or from 20:00; threshold: 41.95%.
30,Chandigarh,Punjab,Low Risk Hotspot,11.98,Medium,"Evaluate street lighting, nighttime visibility, and nighttime enforcement.",Nighttime accidents represent 41.95% of records using hours before 06:00 or from 20:00; threshold: 41.95%.
20,Chandigarh,Punjab,Low Risk Hotspot,11.57,Medium,"Evaluate street lighting, nighttime visibility, and nighttime enforcement.",Nighttime accidents represent 41.95% of records using hours before 06:00 or from 20:00; threshold: 41.95%.
28,Chandigarh,Punjab,Low Risk Hotspot,10.98,Medium,"Evaluate street lighting, nighttime visibility, and nighttime enforcement.",Nighttime accidents represent 41.95% of records using hours before 06:00 or from 20:00; threshold: 41.95%.
29,Chandigarh,Punjab,Low Risk Hotspot,9.01,Medium,"Evaluate street lighting, nighttime visibility, and nighttime enforcement.",Nighttime accidents represent 41.95% of records using hours before 06:00 or from 20:00; threshold: 41.95%.
24,Chandigarh,Punjab,Low Risk Hotspot,8.42,Medium,"Evaluate street lighting, nighttime visibility, and nighttime enforcement.",Nighttime accidents represent 41.95% of records using hours before 06:00 or from 20:00; threshold: 41.95%.
25,Chandigarh,Punjab,Low Risk Hotspot,8.14,Medium,"Evaluate street lighting, nighttime visibility, and nighttime enforcement.",Nighttime accidents represent 41.95% of records using hours before 06:00 or from 20:00; threshold: 41.95%.
17,Chandigarh,Punjab,Low Risk Hotspot,7.43,Medium,"Evaluate street lighting, nighttime visibility, and nighttime enforcement.",Nighttime accidents represent 41.95% of records using hours before 06:00 or from 20:00; threshold: 41.95%.
13,Chandigarh,Punjab,Low Risk Hotspot,6.69,Medium,"Evaluate street lighting, nighttime visibility, and nighttime enforcement.",Nighttime accidents represent 41.95% of records using hours before 06:00 or from 20:00; threshold: 41.95%.
35,Chandigarh,Punjab,Low Risk Hotspot,5.43,Medium,"Evaluate street lighting, nighttime visibility, and nighttime enforcement.",Nighttime accidents represent 41.95% of records using hours before 06:00 or from 20:00; threshold: 41.95%.
36,Chandigarh,Punjab,Low Risk Hotspot,3.71,Medium,"Evaluate street lighting, nighttime visibility, and nighttime enforcement.",Nighttime accidents represent 41.95% of records using hours before 06:00 or from 20:00; threshold: 41.95%.
14,Chandigarh,Punjab,Low Risk Hotspot,0.0,Medium,"Evaluate street lighting, nighttime visibility, and nighttime enforcement.",Nighttime accidents represent 41.95% of records using hours before 06:00 or from 20:00; threshold: 41.95%.
8,Chandigarh,Punjab,Critical Hotspot,92.71,High,Issue weather-related warnings and improve visibility controls during adverse conditions.,"Adverse-weather records represent 66.55% of accidents; conditions counted: dust, fog, haze, mist, rain, snow, storm; threshold: 66.55%."
9,Chandigarh,Punjab,High Risk Hotspot,66.43,Medium,Issue weather-related warnings and improve visibility controls during adverse conditions.,"Adverse-weather records represent 66.55% of accidents; conditions counted: dust, fog, haze, mist, rain, snow, storm; threshold: 66.55%."
3,Chandigarh,Punjab,High Risk Hotspot,64.44,Medium,Issue weather-related warnings and improve visibility controls during adverse conditions.,"Adverse-weather records represent 66.55% of accidents; conditions counted: dust, fog, haze, mist, rain, snow, storm; threshold: 66.55%."
5,Chandigarh,Punjab,High Risk Hotspot,60.44,Medium,Issue weather-related warnings and improve visibility controls during adverse conditions.,"Adverse-weather records represent 66.55% of accidents; conditions counted: dust, fog, haze, mist, rain, snow, storm; threshold: 66.55%."
0,Chandigarh,Punjab,High Risk Hotspot,57.33,Medium,Issue weather-related warnings and improve visibility controls during adverse conditions.,"Adverse-weather records represent 66.55% of accidents; conditions counted: dust, fog, haze, mist, rain, snow, storm; threshold: 66.55%."
6,Chandigarh,Punjab,High Risk Hotspot,54.06,Medium,Issue weather-related warnings and improve visibility controls during adverse conditions.,"Adverse-weather records represent 66.55% of accidents; conditions counted: dust, fog, haze, mist, rain, snow, storm; threshold: 66.55%."
7,Chandigarh,Punjab,High Risk Hotspot,53.62,Medium,Issue weather-related warnings and improve visibility controls during adverse conditions.,"Adverse-weather records represent 66.55% of accidents; conditions counted: dust, fog, haze, mist, rain, snow, storm; threshold: 66.55%."
1,Chandigarh,Punjab,Moderate Hotspot,39.93,Medium,Issue weather-related warnings and improve visibility controls during adverse conditions.,"Adverse-weather records represent 66.55% of accidents; conditions counted: dust, fog, haze, mist, rain, snow, storm; threshold: 66.55%."
2,Chandigarh,Punjab,Moderate Hotspot,36.26,Medium,Issue weather-related warnings and improve visibility controls during adverse conditions.,"Adverse-weather records represent 66.55% of accidents; conditions counted: dust, fog, haze, mist, rain, snow, storm; threshold: 66.55%."
22,Chandigarh,Punjab,Moderate Hotspot,35.65,Medium,Issue weather-related warnings and improve visibility controls during adverse conditions.,"Adverse-weather records represent 66.55% of accidents; conditions counted: dust, fog, haze, mist, rain, snow, storm; threshold: 66.55%."
26,Chandigarh,Punjab,Moderate Hotspot,30.5,Medium,Issue weather-related warnings and improve visibility controls during adverse conditions.,"Adverse-weather records represent 66.55% of accidents; conditions counted: dust, fog, haze, mist, rain, snow, storm; threshold: 66.55%."
32,Chandigarh,Punjab,Moderate Hotspot,30.24,Medium,Issue weather-related warnings and improve visibility controls during adverse conditions.,"Adverse-weather records represent 66.55% of accidents; conditions counted: dust, fog, haze, mist, rain, snow, storm; threshold: 66.55%."
37,Chandigarh,Punjab,Moderate Hotspot,29.28,Medium,Issue weather-related warnings and improve visibility controls during adverse conditions.,"Adverse-weather records represent 66.55% of accidents; conditions counted: dust, fog, haze, mist, rain, snow, storm; threshold: 66.55%."
21,Chandigarh,Punjab,Moderate Hotspot,28.94,Medium,Issue weather-related warnings and improve visibility controls during adverse conditions.,"Adverse-weather records represent 66.55% of accidents; conditions counted: dust, fog, haze, mist, rain, snow, storm; threshold: 66.55%."
15,Chandigarh,Punjab,Moderate Hotspot,28.81,Medium,Issue weather-related warnings and improve visibility controls during adverse conditions.,"Adverse-weather records represent 66.55% of accidents; conditions counted: dust, fog, haze, mist, rain, snow, storm; threshold: 66.55%."
12,Chandigarh,Punjab,Moderate Hotspot,27.16,Medium,Issue weather-related warnings and improve visibility controls during adverse conditions.,"Adverse-weather records represent 66.55% of accidents; conditions counted: dust, fog, haze, mist, rain, snow, storm; threshold: 66.55%."
31,Chandigarh,Punjab,Moderate Hotspot,25.25,Medium,Issue weather-related warnings and improve visibility controls during adverse conditions.,"Adverse-weather records represent 66.55% of accidents; conditions counted: dust, fog, haze, mist, rain, snow, storm; threshold: 66.55%."
27,Chandigarh,Punjab,Low Risk Hotspot,24.86,Medium,Issue weather-related warnings and improve visibility controls during adverse conditions.,"Adverse-weather records represent 66.55% of accidents; conditions counted: dust, fog, haze, mist, rain, snow, storm; threshold: 66.55%."
16,Chandigarh,Punjab,Low Risk Hotspot,23.1,Medium,Issue weather-related warnings and improve visibility controls during adverse conditions.,"Adverse-weather records represent 66.55% of accidents; conditions counted: dust, fog, haze, mist, rain, snow, storm; threshold: 66.55%."
23,Chandigarh,Punjab,Low Risk Hotspot,22.97,Medium,Issue weather-related warnings and improve visibility controls during adverse conditions.,"Adverse-weather records represent 66.55% of accidents; conditions counted: dust, fog, haze, mist, rain, snow, storm; threshold: 66.55%."
4,Chandigarh,Punjab,Low Risk Hotspot,22.29,Medium,Issue weather-related warnings and improve visibility controls during adverse conditions.,"Adverse-weather records represent 66.55% of accidents; conditions counted: dust, fog, haze, mist, rain, snow, storm; threshold: 66.55%."
18,Chandigarh,Punjab,Low Risk Hotspot,22.21,Medium,Issue weather-related warnings and improve visibility controls during adverse conditions.,"Adverse-weather records represent 66.55% of accidents; conditions counted: dust, fog, haze, mist, rain, snow, storm; threshold: 66.55%."
19,Pune,Maharashtra,Low Risk Hotspot,20.36,Medium,Issue weather-related warnings and improve visibility controls during adverse conditions.,"Adverse-weather records represent 66.55% of accidents; conditions counted: dust, fog, haze, mist, rain, snow, storm; threshold: 66.55%."
10,Chandigarh,Punjab,Low Risk Hotspot,19.04,Medium,Issue weather-related warnings and improve visibility controls during adverse conditions.,"Adverse-weather records represent 66.55% of accidents; conditions counted: dust, fog, haze, mist, rain, snow, storm; threshold: 66.55%."
34,Chandigarh,Punjab,Low Risk Hotspot,16.74,Medium,Issue weather-related warnings and improve visibility controls during adverse conditions.,"Adverse-weather records represent 66.55% of accidents; conditions counted: dust, fog, haze, mist, rain, snow, storm; threshold: 66.55%."
11,Chandigarh,Punjab,Low Risk Hotspot,15.53,Medium,Issue weather-related warnings and improve visibility controls during adverse conditions.,"Adverse-weather records represent 66.55% of accidents; conditions counted: dust, fog, haze, mist, rain, snow, storm; threshold: 66.55%."
33,Chandigarh,Punjab,Low Risk Hotspot,12.54,Medium,Issue weather-related warnings and improve visibility controls during adverse conditions.,"Adverse-weather records represent 66.55% of accidents; conditions counted: dust, fog, haze, mist, rain, snow, storm; threshold: 66.55%."
30,Chandigarh,Punjab,Low Risk Hotspot,11.98,Medium,Issue weather-related warnings and improve visibility controls during adverse conditions.,"Adverse-weather records represent 66.55% of accidents; conditions counted: dust, fog, haze, mist, rain, snow, storm; threshold: 66.55%."
20,Chandigarh,Punjab,Low Risk Hotspot,11.57,Medium,Issue weather-related warnings and improve visibility controls during adverse conditions.,"Adverse-weather records represent 66.55% of accidents; conditions counted: dust, fog, haze, mist, rain, snow, storm; threshold: 66.55%."
28,Chandigarh,Punjab,Low Risk Hotspot,10.98,Medium,Issue weather-related warnings and improve visibility controls during adverse conditions.,"Adverse-weather records represent 66.55% of accidents; conditions counted: dust, fog, haze, mist, rain, snow, storm; threshold: 66.55%."
29,Chandigarh,Punjab,Low Risk Hotspot,9.01,Medium,Issue weather-related warnings and improve visibility controls during adverse conditions.,"Adverse-weather records represent 66.55% of accidents; conditions counted: dust, fog, haze, mist, rain, snow, storm; threshold: 66.55%."
24,Chandigarh,Punjab,Low Risk Hotspot,8.42,Medium,Issue weather-related warnings and improve visibility controls during adverse conditions.,"Adverse-weather records represent 66.55% of accidents; conditions counted: dust, fog, haze, mist, rain, snow, storm; threshold: 66.55%."
25,Chandigarh,Punjab,Low Risk Hotspot,8.14,Medium,Issue weather-related warnings and improve visibility controls during adverse conditions.,"Adverse-weather records represent 66.55% of accidents; conditions counted: dust, fog, haze, mist, rain, snow, storm; threshold: 66.55%."
17,Chandigarh,Punjab,Low Risk Hotspot,7.43,Medium,Issue weather-related warnings and improve visibility controls during adverse conditions.,"Adverse-weather records represent 66.55% of accidents; conditions counted: dust, fog, haze, mist, rain, snow, storm; threshold: 66.55%."
13,Chandigarh,Punjab,Low Risk Hotspot,6.69,Medium,Issue weather-related warnings and improve visibility controls during adverse conditions.,"Adverse-weather records represent 66.55% of accidents; conditions counted: dust, fog, haze, mist, rain, snow, storm; threshold: 66.55%."
35,Chandigarh,Punjab,Low Risk Hotspot,5.43,Medium,Issue weather-related warnings and improve visibility controls during adverse conditions.,"Adverse-weather records represent 66.55% of accidents; conditions counted: dust, fog, haze, mist, rain, snow, storm; threshold: 66.55%."
36,Chandigarh,Punjab,Low Risk Hotspot,3.71,Medium,Issue weather-related warnings and improve visibility controls during adverse conditions.,"Adverse-weather records represent 66.55% of accidents; conditions counted: dust, fog, haze, mist, rain, snow, storm; threshold: 66.55%."
14,Chandigarh,Punjab,Low Risk Hotspot,0.0,Medium,Issue weather-related warnings and improve visibility controls during adverse conditions.,"Adverse-weather records represent 66.55% of accidents; conditions counted: dust, fog, haze, mist, rain, snow, storm; threshold: 66.55%."
8,Chandigarh,Punjab,Critical Hotspot,92.71,High,Prioritize urban road safety inspection and engineering improvements.,The dominant road type is urban at 33.73% of records; threshold: 33.73%.
9,Chandigarh,Punjab,High Risk Hotspot,66.43,Medium,Prioritize urban road safety inspection and engineering improvements.,The dominant road type is urban at 33.73% of records; threshold: 33.73%.
3,Chandigarh,Punjab,High Risk Hotspot,64.44,Medium,Prioritize urban road safety inspection and engineering improvements.,The dominant road type is urban at 33.73% of records; threshold: 33.73%.
5,Chandigarh,Punjab,High Risk Hotspot,60.44,Medium,Prioritize urban road safety inspection and engineering improvements.,The dominant road type is urban at 33.73% of records; threshold: 33.73%.
0,Chandigarh,Punjab,High Risk Hotspot,57.33,Medium,Prioritize urban road safety inspection and engineering improvements.,The dominant road type is urban at 33.73% of records; threshold: 33.73%.
6,Chandigarh,Punjab,High Risk Hotspot,54.06,Medium,Prioritize urban road safety inspection and engineering improvements.,The dominant road type is urban at 33.73% of records; threshold: 33.73%.
7,Chandigarh,Punjab,High Risk Hotspot,53.62,Medium,Prioritize urban road safety inspection and engineering improvements.,The dominant road type is urban at 33.73% of records; threshold: 33.73%.
1,Chandigarh,Punjab,Moderate Hotspot,39.93,Medium,Prioritize urban road safety inspection and engineering improvements.,The dominant road type is urban at 33.73% of records; threshold: 33.73%.
2,Chandigarh,Punjab,Moderate Hotspot,36.26,Medium,Prioritize urban road safety inspection and engineering improvements.,The dominant road type is urban at 33.73% of records; threshold: 33.73%.
22,Chandigarh,Punjab,Moderate Hotspot,35.65,Medium,Prioritize urban road safety inspection and engineering improvements.,The dominant road type is urban at 33.73% of records; threshold: 33.73%.
26,Chandigarh,Punjab,Moderate Hotspot,30.5,Medium,Prioritize urban road safety inspection and engineering improvements.,The dominant road type is urban at 33.73% of records; threshold: 33.73%.
32,Chandigarh,Punjab,Moderate Hotspot,30.24,Medium,Prioritize urban road safety inspection and engineering improvements.,The dominant road type is urban at 33.73% of records; threshold: 33.73%.
37,Chandigarh,Punjab,Moderate Hotspot,29.28,Medium,Prioritize urban road safety inspection and engineering improvements.,The dominant road type is urban at 33.73% of records; threshold: 33.73%.
21,Chandigarh,Punjab,Moderate Hotspot,28.94,Medium,Prioritize urban road safety inspection and engineering improvements.,The dominant road type is urban at 33.73% of records; threshold: 33.73%.
15,Chandigarh,Punjab,Moderate Hotspot,28.81,Medium,Prioritize urban road safety inspection and engineering improvements.,The dominant road type is urban at 33.73% of records; threshold: 33.73%.
12,Chandigarh,Punjab,Moderate Hotspot,27.16,Medium,Prioritize urban road safety inspection and engineering improvements.,The dominant road type is urban at 33.73% of records; threshold: 33.73%.
31,Chandigarh,Punjab,Moderate Hotspot,25.25,Medium,Prioritize urban road safety inspection and engineering improvements.,The dominant road type is urban at 33.73% of records; threshold: 33.73%.
27,Chandigarh,Punjab,Low Risk Hotspot,24.86,Medium,Prioritize urban road safety inspection and engineering improvements.,The dominant road type is urban at 33.73% of records; threshold: 33.73%.
16,Chandigarh,Punjab,Low Risk Hotspot,23.1,Medium,Prioritize urban road safety inspection and engineering improvements.,The dominant road type is urban at 33.73% of records; threshold: 33.73%.
23,Chandigarh,Punjab,Low Risk Hotspot,22.97,Medium,Prioritize urban road safety inspection and engineering improvements.,The dominant road type is urban at 33.73% of records; threshold: 33.73%.
4,Chandigarh,Punjab,Low Risk Hotspot,22.29,Medium,Prioritize urban road safety inspection and engineering improvements.,The dominant road type is urban at 33.73% of records; threshold: 33.73%.
18,Chandigarh,Punjab,Low Risk Hotspot,22.21,Medium,Prioritize urban road safety inspection and engineering improvements.,The dominant road type is urban at 33.73% of records; threshold: 33.73%.
19,Pune,Maharashtra,Low Risk Hotspot,20.36,Medium,Prioritize urban road safety inspection and engineering improvements.,The dominant road type is urban at 33.73% of records; threshold: 33.73%.
10,Chandigarh,Punjab,Low Risk Hotspot,19.04,Medium,Prioritize urban road safety inspection and engineering improvements.,The dominant road type is urban at 33.73% of records; threshold: 33.73%.
34,Chandigarh,Punjab,Low Risk Hotspot,16.74,Medium,Prioritize urban road safety inspection and engineering improvements.,The dominant road type is urban at 33.73% of records; threshold: 33.73%.
11,Chandigarh,Punjab,Low Risk Hotspot,15.53,Medium,Prioritize urban road safety inspection and engineering improvements.,The dominant road type is urban at 33.73% of records; threshold: 33.73%.
33,Chandigarh,Punjab,Low Risk Hotspot,12.54,Medium,Prioritize urban road safety inspection and engineering improvements.,The dominant road type is urban at 33.73% of records; threshold: 33.73%.
30,Chandigarh,Punjab,Low Risk Hotspot,11.98,Medium,Prioritize urban road safety inspection and engineering improvements.,The dominant road type is urban at 33.73% of records; threshold: 33.73%.
20,Chandigarh,Punjab,Low Risk Hotspot,11.57,Medium,Prioritize urban road safety inspection and engineering improvements.,The dominant road type is urban at 33.73% of records; threshold: 33.73%.
28,Chandigarh,Punjab,Low Risk Hotspot,10.98,Medium,Prioritize urban road safety inspection and engineering improvements.,The dominant road type is urban at 33.73% of records; threshold: 33.73%.
29,Chandigarh,Punjab,Low Risk Hotspot,9.01,Medium,Prioritize urban road safety inspection and engineering improvements.,The dominant road type is urban at 33.73% of records; threshold: 33.73%.
24,Chandigarh,Punjab,Low Risk Hotspot,8.42,Medium,Prioritize urban road safety inspection and engineering improvements.,The dominant road type is urban at 33.73% of records; threshold: 33.73%.
25,Chandigarh,Punjab,Low Risk Hotspot,8.14,Medium,Prioritize urban road safety inspection and engineering improvements.,The dominant road type is urban at 33.73% of records; threshold: 33.73%.
17,Chandigarh,Punjab,Low Risk Hotspot,7.43,Medium,Prioritize urban road safety inspection and engineering improvements.,The dominant road type is urban at 33.73% of records; threshold: 33.73%.
13,Chandigarh,Punjab,Low Risk Hotspot,6.69,Medium,Prioritize urban road safety inspection and engineering improvements.,The dominant road type is urban at 33.73% of records; threshold: 33.73%.
35,Chandigarh,Punjab,Low Risk Hotspot,5.43,Medium,Prioritize urban road safety inspection and engineering improvements.,The dominant road type is urban at 33.73% of records; threshold: 33.73%.
36,Chandigarh,Punjab,Low Risk Hotspot,3.71,Medium,Prioritize urban road safety inspection and engineering improvements.,The dominant road type is urban at 33.73% of records; threshold: 33.73%.
14,Chandigarh,Punjab,Low Risk Hotspot,0.0,Medium,Prioritize urban road safety inspection and engineering improvements.,The dominant road type is urban at 33.73% of records; threshold: 33.73%.
8,Chandigarh,Punjab,Critical Hotspot,92.71,High,"Review signal timing, intersection design, and enforcement.",Records with traffic signals represent 49.98% of accidents; threshold: 49.98%.
9,Chandigarh,Punjab,High Risk Hotspot,66.43,Medium,"Review signal timing, intersection design, and enforcement.",Records with traffic signals represent 49.98% of accidents; threshold: 49.98%.
3,Chandigarh,Punjab,High Risk Hotspot,64.44,Medium,"Review signal timing, intersection design, and enforcement.",Records with traffic signals represent 49.98% of accidents; threshold: 49.98%.
5,Chandigarh,Punjab,High Risk Hotspot,60.44,Medium,"Review signal timing, intersection design, and enforcement.",Records with traffic signals represent 49.98% of accidents; threshold: 49.98%.
0,Chandigarh,Punjab,High Risk Hotspot,57.33,Medium,"Review signal timing, intersection design, and enforcement.",Records with traffic signals represent 49.98% of accidents; threshold: 49.98%.
6,Chandigarh,Punjab,High Risk Hotspot,54.06,Medium,"Review signal timing, intersection design, and enforcement.",Records with traffic signals represent 49.98% of accidents; threshold: 49.98%.
7,Chandigarh,Punjab,High Risk Hotspot,53.62,Medium,"Review signal timing, intersection design, and enforcement.",Records with traffic signals represent 49.98% of accidents; threshold: 49.98%.
1,Chandigarh,Punjab,Moderate Hotspot,39.93,Medium,"Review signal timing, intersection design, and enforcement.",Records with traffic signals represent 49.98% of accidents; threshold: 49.98%.
2,Chandigarh,Punjab,Moderate Hotspot,36.26,Medium,"Review signal timing, intersection design, and enforcement.",Records with traffic signals represent 49.98% of accidents; threshold: 49.98%.
22,Chandigarh,Punjab,Moderate Hotspot,35.65,Medium,"Review signal timing, intersection design, and enforcement.",Records with traffic signals represent 49.98% of accidents; threshold: 49.98%.
26,Chandigarh,Punjab,Moderate Hotspot,30.5,Medium,"Review signal timing, intersection design, and enforcement.",Records with traffic signals represent 49.98% of accidents; threshold: 49.98%.
32,Chandigarh,Punjab,Moderate Hotspot,30.24,Medium,"Review signal timing, intersection design, and enforcement.",Records with traffic signals represent 49.98% of accidents; threshold: 49.98%.
37,Chandigarh,Punjab,Moderate Hotspot,29.28,Medium,"Review signal timing, intersection design, and enforcement.",Records with traffic signals represent 49.98% of accidents; threshold: 49.98%.
21,Chandigarh,Punjab,Moderate Hotspot,28.94,Medium,"Review signal timing, intersection design, and enforcement.",Records with traffic signals represent 49.98% of accidents; threshold: 49.98%.
15,Chandigarh,Punjab,Moderate Hotspot,28.81,Medium,"Review signal timing, intersection design, and enforcement.",Records with traffic signals represent 49.98% of accidents; threshold: 49.98%.
12,Chandigarh,Punjab,Moderate Hotspot,27.16,Medium,"Review signal timing, intersection design, and enforcement.",Records with traffic signals represent 49.98% of accidents; threshold: 49.98%.
31,Chandigarh,Punjab,Moderate Hotspot,25.25,Medium,"Review signal timing, intersection design, and enforcement.",Records with traffic signals represent 49.98% of accidents; threshold: 49.98%.
27,Chandigarh,Punjab,Low Risk Hotspot,24.86,Medium,"Review signal timing, intersection design, and enforcement.",Records with traffic signals represent 49.98% of accidents; threshold: 49.98%.
16,Chandigarh,Punjab,Low Risk Hotspot,23.1,Medium,"Review signal timing, intersection design, and enforcement.",Records with traffic signals represent 49.98% of accidents; threshold: 49.98%.
23,Chandigarh,Punjab,Low Risk Hotspot,22.97,Medium,"Review signal timing, intersection design, and enforcement.",Records with traffic signals represent 49.98% of accidents; threshold: 49.98%.
4,Chandigarh,Punjab,Low Risk Hotspot,22.29,Medium,"Review signal timing, intersection design, and enforcement.",Records with traffic signals represent 49.98% of accidents; threshold: 49.98%.
18,Chandigarh,Punjab,Low Risk Hotspot,22.21,Medium,"Review signal timing, intersection design, and enforcement.",Records with traffic signals represent 49.98% of accidents; threshold: 49.98%.
19,Pune,Maharashtra,Low Risk Hotspot,20.36,Medium,"Review signal timing, intersection design, and enforcement.",Records with traffic signals represent 49.98% of accidents; threshold: 49.98%.
10,Chandigarh,Punjab,Low Risk Hotspot,19.04,Medium,"Review signal timing, intersection design, and enforcement.",Records with traffic signals represent 49.98% of accidents; threshold: 49.98%.
34,Chandigarh,Punjab,Low Risk Hotspot,16.74,Medium,"Review signal timing, intersection design, and enforcement.",Records with traffic signals represent 49.98% of accidents; threshold: 49.98%.
11,Chandigarh,Punjab,Low Risk Hotspot,15.53,Medium,"Review signal timing, intersection design, and enforcement.",Records with traffic signals represent 49.98% of accidents; threshold: 49.98%.
33,Chandigarh,Punjab,Low Risk Hotspot,12.54,Medium,"Review signal timing, intersection design, and enforcement.",Records with traffic signals represent 49.98% of accidents; threshold: 49.98%.
30,Chandigarh,Punjab,Low Risk Hotspot,11.98,Medium,"Review signal timing, intersection design, and enforcement.",Records with traffic signals represent 49.98% of accidents; threshold: 49.98%.
20,Chandigarh,Punjab,Low Risk Hotspot,11.57,Medium,"Review signal timing, intersection design, and enforcement.",Records with traffic signals represent 49.98% of accidents; threshold: 49.98%.
28,Chandigarh,Punjab,Low Risk Hotspot,10.98,Medium,"Review signal timing, intersection design, and enforcement.",Records with traffic signals represent 49.98% of accidents; threshold: 49.98%.
29,Chandigarh,Punjab,Low Risk Hotspot,9.01,Medium,"Review signal timing, intersection design, and enforcement.",Records with traffic signals represent 49.98% of accidents; threshold: 49.98%.
24,Chandigarh,Punjab,Low Risk Hotspot,8.42,Medium,"Review signal timing, intersection design, and enforcement.",Records with traffic signals represent 49.98% of accidents; threshold: 49.98%.
25,Chandigarh,Punjab,Low Risk Hotspot,8.14,Medium,"Review signal timing, intersection design, and enforcement.",Records with traffic signals represent 49.98% of accidents; threshold: 49.98%.
17,Chandigarh,Punjab,Low Risk Hotspot,7.43,Medium,"Review signal timing, intersection design, and enforcement.",Records with traffic signals represent 49.98% of accidents; threshold: 49.98%.
13,Chandigarh,Punjab,Low Risk Hotspot,6.69,Medium,"Review signal timing, intersection design, and enforcement.",Records with traffic signals represent 49.98% of accidents; threshold: 49.98%.
35,Chandigarh,Punjab,Low Risk Hotspot,5.43,Medium,"Review signal timing, intersection design, and enforcement.",Records with traffic signals represent 49.98% of accidents; threshold: 49.98%.
36,Chandigarh,Punjab,Low Risk Hotspot,3.71,Medium,"Review signal timing, intersection design, and enforcement.",Records with traffic signals represent 49.98% of accidents; threshold: 49.98%.
14,Chandigarh,Punjab,Low Risk Hotspot,0.0,Medium,"Review signal timing, intersection design, and enforcement.",Records with traffic signals represent 49.98% of accidents; threshold: 49.98%.
8,Chandigarh,Punjab,Critical Hotspot,92.71,High,Target enforcement and education toward distraction incidents.,The most common recorded cause is distraction at 20.13% of accidents; threshold: 20.13%.
9,Chandigarh,Punjab,High Risk Hotspot,66.43,Medium,Target enforcement and education toward distraction incidents.,The most common recorded cause is distraction at 20.13% of accidents; threshold: 20.13%.
3,Chandigarh,Punjab,High Risk Hotspot,64.44,Medium,Target enforcement and education toward distraction incidents.,The most common recorded cause is distraction at 20.13% of accidents; threshold: 20.13%.
5,Chandigarh,Punjab,High Risk Hotspot,60.44,Medium,Target enforcement and education toward distraction incidents.,The most common recorded cause is distraction at 20.13% of accidents; threshold: 20.13%.
0,Chandigarh,Punjab,High Risk Hotspot,57.33,Medium,Target enforcement and education toward distraction incidents.,The most common recorded cause is distraction at 20.13% of accidents; threshold: 20.13%.
6,Chandigarh,Punjab,High Risk Hotspot,54.06,Medium,Target enforcement and education toward distraction incidents.,The most common recorded cause is distraction at 20.13% of accidents; threshold: 20.13%.
7,Chandigarh,Punjab,High Risk Hotspot,53.62,Medium,Target enforcement and education toward distraction incidents.,The most common recorded cause is distraction at 20.13% of accidents; threshold: 20.13%.
1,Chandigarh,Punjab,Moderate Hotspot,39.93,Medium,Target enforcement and education toward distraction incidents.,The most common recorded cause is distraction at 20.13% of accidents; threshold: 20.13%.
2,Chandigarh,Punjab,Moderate Hotspot,36.26,Medium,Target enforcement and education toward distraction incidents.,The most common recorded cause is distraction at 20.13% of accidents; threshold: 20.13%.
22,Chandigarh,Punjab,Moderate Hotspot,35.65,Medium,Target enforcement and education toward distraction incidents.,The most common recorded cause is distraction at 20.13% of accidents; threshold: 20.13%.
26,Chandigarh,Punjab,Moderate Hotspot,30.5,Medium,Target enforcement and education toward distraction incidents.,The most common recorded cause is distraction at 20.13% of accidents; threshold: 20.13%.
32,Chandigarh,Punjab,Moderate Hotspot,30.24,Medium,Target enforcement and education toward distraction incidents.,The most common recorded cause is distraction at 20.13% of accidents; threshold: 20.13%.
37,Chandigarh,Punjab,Moderate Hotspot,29.28,Medium,Target enforcement and education toward distraction incidents.,The most common recorded cause is distraction at 20.13% of accidents; threshold: 20.13%.
21,Chandigarh,Punjab,Moderate Hotspot,28.94,Medium,Target enforcement and education toward distraction incidents.,The most common recorded cause is distraction at 20.13% of accidents; threshold: 20.13%.
15,Chandigarh,Punjab,Moderate Hotspot,28.81,Medium,Target enforcement and education toward distraction incidents.,The most common recorded cause is distraction at 20.13% of accidents; threshold: 20.13%.
12,Chandigarh,Punjab,Moderate Hotspot,27.16,Medium,Target enforcement and education toward distraction incidents.,The most common recorded cause is distraction at 20.13% of accidents; threshold: 20.13%.
31,Chandigarh,Punjab,Moderate Hotspot,25.25,Medium,Target enforcement and education toward distraction incidents.,The most common recorded cause is distraction at 20.13% of accidents; threshold: 20.13%.
27,Chandigarh,Punjab,Low Risk Hotspot,24.86,Medium,Target enforcement and education toward distraction incidents.,The most common recorded cause is distraction at 20.13% of accidents; threshold: 20.13%.
16,Chandigarh,Punjab,Low Risk Hotspot,23.1,Medium,Target enforcement and education toward distraction incidents.,The most common recorded cause is distraction at 20.13% of accidents; threshold: 20.13%.
23,Chandigarh,Punjab,Low Risk Hotspot,22.97,Medium,Target enforcement and education toward distraction incidents.,The most common recorded cause is distraction at 20.13% of accidents; threshold: 20.13%.
4,Chandigarh,Punjab,Low Risk Hotspot,22.29,Medium,Target enforcement and education toward distraction incidents.,The most common recorded cause is distraction at 20.13% of accidents; threshold: 20.13%.
18,Chandigarh,Punjab,Low Risk Hotspot,22.21,Medium,Target enforcement and education toward distraction incidents.,The most common recorded cause is distraction at 20.13% of accidents; threshold: 20.13%.
19,Pune,Maharashtra,Low Risk Hotspot,20.36,Medium,Target enforcement and education toward distraction incidents.,The most common recorded cause is distraction at 20.13% of accidents; threshold: 20.13%.
10,Chandigarh,Punjab,Low Risk Hotspot,19.04,Medium,Target enforcement and education toward distraction incidents.,The most common recorded cause is distraction at 20.13% of accidents; threshold: 20.13%.
34,Chandigarh,Punjab,Low Risk Hotspot,16.74,Medium,Target enforcement and education toward distraction incidents.,The most common recorded cause is distraction at 20.13% of accidents; threshold: 20.13%.
11,Chandigarh,Punjab,Low Risk Hotspot,15.53,Medium,Target enforcement and education toward distraction incidents.,The most common recorded cause is distraction at 20.13% of accidents; threshold: 20.13%.
33,Chandigarh,Punjab,Low Risk Hotspot,12.54,Medium,Target enforcement and education toward distraction incidents.,The most common recorded cause is distraction at 20.13% of accidents; threshold: 20.13%.
30,Chandigarh,Punjab,Low Risk Hotspot,11.98,Medium,Target enforcement and education toward distraction incidents.,The most common recorded cause is distraction at 20.13% of accidents; threshold: 20.13%.
20,Chandigarh,Punjab,Low Risk Hotspot,11.57,Medium,Target enforcement and education toward distraction incidents.,The most common recorded cause is distraction at 20.13% of accidents; threshold: 20.13%.
28,Chandigarh,Punjab,Low Risk Hotspot,10.98,Medium,Target enforcement and education toward distraction incidents.,The most common recorded cause is distraction at 20.13% of accidents; threshold: 20.13%.
29,Chandigarh,Punjab,Low Risk Hotspot,9.01,Medium,Target enforcement and education toward distraction incidents.,The most common recorded cause is distraction at 20.13% of accidents; threshold: 20.13%.
24,Chandigarh,Punjab,Low Risk Hotspot,8.42,Medium,Target enforcement and education toward distraction incidents.,The most common recorded cause is distraction at 20.13% of accidents; threshold: 20.13%.
25,Chandigarh,Punjab,Low Risk Hotspot,8.14,Medium,Target enforcement and education toward distraction incidents.,The most common recorded cause is distraction at 20.13% of accidents; threshold: 20.13%.
17,Chandigarh,Punjab,Low Risk Hotspot,7.43,Medium,Target enforcement and education toward distraction incidents.,The most common recorded cause is distraction at 20.13% of accidents; threshold: 20.13%.
13,Chandigarh,Punjab,Low Risk Hotspot,6.69,Medium,Target enforcement and education toward distraction incidents.,The most common recorded cause is distraction at 20.13% of accidents; threshold: 20.13%.
35,Chandigarh,Punjab,Low Risk Hotspot,5.43,Medium,Target enforcement and education toward distraction incidents.,The most common recorded cause is distraction at 20.13% of accidents; threshold: 20.13%.
36,Chandigarh,Punjab,Low Risk Hotspot,3.71,Medium,Target enforcement and education toward distraction incidents.,The most common recorded cause is distraction at 20.13% of accidents; threshold: 20.13%.
14,Chandigarh,Punjab,Low Risk Hotspot,0.0,Medium,Target enforcement and education toward distraction incidents.,The most common recorded cause is distraction at 20.13% of accidents; threshold: 20.13%.
